{"schemaVersion":"1.0","appDefinitionTemplate":{"id":"/providers/Microsoft.PowerApps/apps/","type":"Microsoft.PowerApps/apps","tags":{"primaryDeviceWidth":"1366","primaryDeviceHeight":"768","sienaVersion":"20210511T054359Z-3.21044.31.0","deviceCapabilities":"","supportsPortrait":"false","supportsLandscape":"true","primaryFormFactor":"Tablet","publisherVersion":"3.21044.25","minimumRequiredApiVersion":"2.2.0","hasComponent":"true","hasUnlockedComponent":"true","isUnifiedRootApp":"false"},"properties":{"appVersion":"2021-05-11T05:43:59Z","lifeCycleId":"Published","createdByClientVersion":{"major":3,"minor":21044,"build":25,"revision":0,"majorRevision":0,"minorRevision":0},"minClientVersion":{"major":3,"minor":21044,"build":25,"revision":0,"majorRevision":0,"minorRevision":0},"backgroundColor":"rgba(175, 229, 178, 1)","backgroundImageUri":"/3322185663763853680/N8addf50c-5428-4ed3-9195-744a00a252c5-logoSmallFile","displayName":"Planner Gantt Chart","description":"You can view your planner tasks in a Gantt Chart view with this app!","commitMessage":"","appUris":{"documentUri":{"value":"/3322185663763853680/N0ed4e6ab-9fab-4a29-bb0f-0568f63566a5-document.msapp"},"imageUris":[]},"createdTime":"0001-01-01T00:00:00Z","lastModifiedTime":"0001-01-01T00:00:00Z","sharedGroupsCount":0,"sharedUsersCount":0,"icons":{"smallIconUri":"/3322185663763853680/N7f106be7-fd11-4ff4-ac9d-881b0037261b-small.png","mediumIconUri":"/3322185663763853680/Nb83530f8-8bf0-4ffd-9c50-92bd006a5f23-medium.png","largeIconUri":"/3322185663763853680/N407a9758-a98e-4ae9-8f55-2daca2c77118-large.png","wideIconUri":"/3322185663763853680/N26f45647-30b2-4d4f-bc58-65f7e1445a9d-wide.png"},"connectionReferences":{"d576e79a-2da7-4266-8ac9-fe527604960e":{"id":"66a054c8-f747-405f-bdd5-859417193537","displayName":"Planner","iconUri":"https://connectoricons-prod.azureedge.net/releases/v1.0.1456/1.0.1456.2375/planner/icon.png","dataSources":["Planner"],"dependencies":[],"dependents":[],"parameterHints":{},"isOnPremiseConnection":false,"bypassConsent":false,"dataSets":{},"apiTier":"Standard","isCustomApiConnection":false,"actions":["ListMyPlansV2","ListTasksV2","GetPlanDetails","ListBucketsV2","CreateTaskV2"]},"4f02fe19-4760-4606-a156-5f8472ab2a54":{"id":"62d575b3-aefd-46be-bfc1-2f75f7b84488","displayName":"Office 365 Users","iconUri":"https://connectoricons-prod.azureedge.net/releases/v1.0.1460/1.0.1460.2389/office365users/icon.png","dataSources":["Office365Users"],"dependencies":[],"dependents":[],"parameterHints":{},"isOnPremiseConnection":false,"bypassConsent":false,"dataSets":{},"apiTier":"Standard","isCustomApiConnection":false,"actions":["MyProfile","UserProfileV2","UserPhoto","UserPhotoMetadata"]}},"databaseReferences":{},"almMode":"Solution","performanceOptimizationEnabled":true,"canConsumeAppPass":true,"executionRestrictions":{"isTeamsOnly":false,"dataLossPreventionEvaluationResult":{"status":"Compliant","lastEvaluationDate":"2021-05-06T13:35:10.8112494Z","violationDetails":[]}}},"isAppComponentLibrary":false,"appType":"ClassicCanvasApp","appComponents":[]}}