{"schemaVersion":"1.0","appDefinitionTemplate":{"id":"/providers/Microsoft.PowerApps/apps/","type":"Microsoft.PowerApps/apps","tags":{"primaryDeviceWidth":"1366","primaryDeviceHeight":"768","sienaVersion":"20220123T045348Z-3.21124.16.0","deviceCapabilities":"","supportsPortrait":"false","supportsLandscape":"true","primaryFormFactor":"Tablet","publisherVersion":"3.21124.16","minimumRequiredApiVersion":"2.2.0","hasComponent":"true","hasUnlockedComponent":"true","isUnifiedRootApp":"false"},"properties":{"appVersion":"2022-01-23T04:53:48Z","lifeCycleId":"Published","createdByClientVersion":{"major":3,"minor":21124,"build":16,"revision":0,"majorRevision":0,"minorRevision":0},"minClientVersion":{"major":3,"minor":21124,"build":16,"revision":0,"majorRevision":0,"minorRevision":0},"backgroundColor":"rgba(225, 227, 230, 1)","backgroundImageUri":"/3322185663763853680/Nc44c5f35-94b2-4a3d-a087-99fb15301e70-logoSmallFile","displayName":"Planner Gantt Chart","description":"You can view your planner tasks in a Gantt Chart view with this app!","commitMessage":"Dragged items saved when saving a new task","appUris":{"documentUri":{"value":"/3322185663763853680/N08762277-e109-4abe-b01b-ef694d3350ab-document.msapp"},"imageUris":[]},"createdTime":"0001-01-01T00:00:00Z","lastModifiedTime":"0001-01-01T00:00:00Z","sharedGroupsCount":0,"sharedUsersCount":0,"icons":{"smallIconUri":"/3322185663763853680/N212927e3-b689-4490-868a-20726227faae-small.png","mediumIconUri":"/3322185663763853680/N3bbb7ca4-a695-4572-8c77-f55d908b9ba4-medium.png","largeIconUri":"/3322185663763853680/N181fe34a-eb44-413f-a01a-526fa47afafe-large.png","wideIconUri":"/3322185663763853680/N10c1e059-6c16-463d-bd1f-5de9dd77e4da-wide.png"},"connectionReferences":{"d576e79a-2da7-4266-8ac9-fe527604960e":{"id":"66a054c8-f747-405f-bdd5-859417193537","displayName":"Planner","iconUri":"https://connectoricons-prod.azureedge.net/releases/v1.0.1513/1.0.1513.2549/planner/icon.png","dataSources":["Planner"],"dependencies":[],"dependents":[],"parameterHints":{},"parameterHintsV2":{},"isOnPremiseConnection":false,"bypassConsent":false,"dataSets":{},"apiTier":"Standard","isCustomApiConnection":false,"actions":["ListMyPlansV2","ListTasksV3","GetPlanDetails","ListBucketsV3","CreateTaskV2","UpdateTaskV3"]},"4f02fe19-4760-4606-a156-5f8472ab2a54":{"id":"62d575b3-aefd-46be-bfc1-2f75f7b84488","displayName":"Office 365 Users","iconUri":"https://connectoricons-prod.azureedge.net/releases/v1.0.1542/1.0.1542.2635/office365users/icon.png","dataSources":["Office365Users"],"dependencies":[],"dependents":[],"parameterHints":{},"parameterHintsV2":{},"isOnPremiseConnection":false,"bypassConsent":false,"dataSets":{},"apiTier":"Standard","isCustomApiConnection":false,"actions":["MyProfile","UserProfileV2","UserPhoto","UserPhotoMetadata"]}},"databaseReferences":{},"almMode":"Solution","performanceOptimizationEnabled":true,"canConsumeAppPass":true,"executionRestrictions":{"isTeamsOnly":false,"dataLossPreventionEvaluationResult":{"status":"Compliant","lastEvaluationDate":"2021-05-06T13:35:10.8112494Z","violationDetails":[]}}},"appType":"ClassicCanvasApp","appComponents":[]}}