{"schemaVersion":"1.0","appDefinitionTemplate":{"id":"/providers/Microsoft.PowerApps/apps/","type":"Microsoft.PowerApps/apps","tags":{"primaryDeviceWidth":"1366","primaryDeviceHeight":"768","sienaVersion":"20211003T174925Z-3.21093.33.0","deviceCapabilities":"","supportsPortrait":"false","supportsLandscape":"true","primaryFormFactor":"Tablet","publisherVersion":"3.21093.33","minimumRequiredApiVersion":"2.2.0","hasComponent":"true","hasUnlockedComponent":"true","isUnifiedRootApp":"false"},"properties":{"appVersion":"2021-10-03T17:49:25Z","lifeCycleId":"Published","createdByClientVersion":{"major":3,"minor":21093,"build":33,"revision":0,"majorRevision":0,"minorRevision":0},"minClientVersion":{"major":3,"minor":21093,"build":33,"revision":0,"majorRevision":0,"minorRevision":0},"backgroundColor":"rgba(225, 227, 230, 1)","backgroundImageUri":"/3322185663763853680/N9d961c80-6833-4c50-b32f-91463ce16c7f-logoSmallFile","displayName":"Planner Gantt Chart","description":"You can view your planner tasks in a Gantt Chart view with this app!","commitMessage":"","appUris":{"documentUri":{"value":"/3322185663763853680/N767d271b-f4e0-40d7-896f-82ac0b2e77f1-document.msapp"},"imageUris":[]},"createdTime":"0001-01-01T00:00:00Z","lastModifiedTime":"0001-01-01T00:00:00Z","sharedGroupsCount":0,"sharedUsersCount":0,"icons":{"smallIconUri":"/3322185663763853680/N7785a3d3-1794-4ad8-9e33-749566e1763d-small.png","mediumIconUri":"/3322185663763853680/N06d0dd33-37d7-4818-a3c5-d2f1e42ce9e9-medium.png","largeIconUri":"/3322185663763853680/N7762c08f-8fb5-4a5c-866a-37fba886b4b7-large.png","wideIconUri":"/3322185663763853680/Nce2374dc-d1ba-4114-8bf1-aa8584b03126-wide.png"},"connectionReferences":{"d576e79a-2da7-4266-8ac9-fe527604960e":{"id":"66a054c8-f747-405f-bdd5-859417193537","displayName":"Planner","iconUri":"https://connectoricons-prod.azureedge.net/releases/v1.0.1513/1.0.1513.2549/planner/icon.png","dataSources":["Planner"],"dependencies":[],"dependents":[],"parameterHints":{},"parameterHintsV2":{},"isOnPremiseConnection":false,"bypassConsent":false,"dataSets":{},"apiTier":"Standard","isCustomApiConnection":false,"actions":["ListMyPlansV2","ListTasksV2","GetPlanDetails","ListBucketsV2","CreateTaskV2"]},"4f02fe19-4760-4606-a156-5f8472ab2a54":{"id":"62d575b3-aefd-46be-bfc1-2f75f7b84488","displayName":"Office 365 Users","iconUri":"https://connectoricons-prod.azureedge.net/releases/v1.0.1510/1.0.1510.2537/office365users/icon.png","dataSources":["Office365Users"],"dependencies":[],"dependents":[],"parameterHints":{},"parameterHintsV2":{},"isOnPremiseConnection":false,"bypassConsent":false,"dataSets":{},"apiTier":"Standard","isCustomApiConnection":false,"actions":["MyProfile","UserProfileV2","UserPhoto","UserPhotoMetadata"]}},"databaseReferences":{},"almMode":"Solution","performanceOptimizationEnabled":true,"canConsumeAppPass":true,"executionRestrictions":{"isTeamsOnly":false,"dataLossPreventionEvaluationResult":{"status":"Compliant","lastEvaluationDate":"2021-05-06T13:35:10.8112494Z","violationDetails":[]}}},"appType":"ClassicCanvasApp","appComponents":[]}}