{"schemaVersion":"1.0","appDefinitionTemplate":{"id":"/providers/Microsoft.PowerApps/apps/","type":"Microsoft.PowerApps/apps","tags":{"primaryDeviceWidth":"1366","primaryDeviceHeight":"768","sienaVersion":"20220124T181346Z-3.21114.35.0","deviceCapabilities":"","supportsPortrait":"false","supportsLandscape":"true","primaryFormFactor":"Tablet","publisherVersion":"3.21124.16","minimumRequiredApiVersion":"2.2.0","hasComponent":"true","hasUnlockedComponent":"true","isUnifiedRootApp":"false"},"properties":{"appVersion":"2022-01-24T18:13:46Z","lifeCycleId":"Published","createdByClientVersion":{"major":3,"minor":21124,"build":16,"revision":0,"majorRevision":0,"minorRevision":0},"minClientVersion":{"major":3,"minor":21124,"build":16,"revision":0,"majorRevision":0,"minorRevision":0},"backgroundColor":"rgba(225, 227, 230, 1)","backgroundImageUri":"/3322185663763853680/N832e6de6-cb50-420b-802b-e72d548e11c7-logoSmallFile","displayName":"Planner Gantt Chart","description":"You can view your planner tasks in a Gantt Chart view with this app!","commitMessage":"Fix to rescheduling features","appUris":{"documentUri":{"value":"/3322185663763853680/N4c6d0a7a-d99a-4387-aec0-73a24ae928f3-document.msapp"},"imageUris":[]},"createdTime":"0001-01-01T00:00:00Z","lastModifiedTime":"0001-01-01T00:00:00Z","sharedGroupsCount":0,"sharedUsersCount":0,"icons":{"smallIconUri":"/3322185663763853680/N6a8c2f76-d331-4d6d-9a72-e46a58cdbf5a-small.png","mediumIconUri":"/3322185663763853680/Nf9cd0af3-7c0c-49ef-a71e-7a1efaefac17-medium.png","largeIconUri":"/3322185663763853680/N67ab7eca-e239-43d1-8ffb-dd353278d862-large.png","wideIconUri":"/3322185663763853680/N69c97686-7b52-4db5-b6e3-6b05657a031a-wide.png"},"connectionReferences":{"d576e79a-2da7-4266-8ac9-fe527604960e":{"id":"66a054c8-f747-405f-bdd5-859417193537","displayName":"Planner","iconUri":"https://connectoricons-prod.azureedge.net/releases/v1.0.1513/1.0.1513.2549/planner/icon.png","dataSources":["Planner"],"dependencies":[],"dependents":[],"parameterHints":{},"parameterHintsV2":{},"isOnPremiseConnection":false,"bypassConsent":false,"dataSets":{},"apiTier":"Standard","isCustomApiConnection":false,"actions":["ListMyPlansV2","ListTasksV3","GetPlanDetails","ListBucketsV3","CreateTaskV2","UpdateTaskV3"]},"4f02fe19-4760-4606-a156-5f8472ab2a54":{"id":"62d575b3-aefd-46be-bfc1-2f75f7b84488","displayName":"Office 365 Users","iconUri":"https://connectoricons-prod.azureedge.net/releases/v1.0.1542/1.0.1542.2635/office365users/icon.png","dataSources":["Office365Users"],"dependencies":[],"dependents":[],"parameterHints":{},"parameterHintsV2":{},"isOnPremiseConnection":false,"bypassConsent":false,"dataSets":{},"apiTier":"Standard","isCustomApiConnection":false,"actions":["MyProfile","UserProfileV2","UserPhoto","UserPhotoMetadata"]}},"databaseReferences":{},"almMode":"Solution","performanceOptimizationEnabled":true,"canConsumeAppPass":true,"executionRestrictions":{"isTeamsOnly":false,"dataLossPreventionEvaluationResult":{"status":"Compliant","lastEvaluationDate":"2021-05-06T13:35:10.8112494Z","violationDetails":[]}}},"appType":"ClassicCanvasApp","appComponents":[]}}