{"schemaVersion":"1.0","appDefinitionTemplate":{"id":"/providers/Microsoft.PowerApps/apps/","type":"Microsoft.PowerApps/apps","tags":{"primaryDeviceWidth":"1366","primaryDeviceHeight":"768","sienaVersion":"20210518T100007Z-3.21051.28.0","deviceCapabilities":"","supportsPortrait":"false","supportsLandscape":"true","primaryFormFactor":"Tablet","publisherVersion":"3.21051.28","minimumRequiredApiVersion":"2.2.0","hasComponent":"true","hasUnlockedComponent":"true","isUnifiedRootApp":"false"},"properties":{"appVersion":"2021-05-18T10:00:07Z","lifeCycleId":"Published","createdByClientVersion":{"major":3,"minor":21051,"build":28,"revision":0,"majorRevision":0,"minorRevision":0},"minClientVersion":{"major":3,"minor":21051,"build":28,"revision":0,"majorRevision":0,"minorRevision":0},"backgroundColor":"rgba(175, 229, 178, 1)","backgroundImageUri":"/3322185663763853680/N92ca33b7-c51a-40e4-af3e-160b8c06b690-logoSmallFile","displayName":"Planner Gantt Chart","description":"You can view your planner tasks in a Gantt Chart view with this app!","commitMessage":"Different mechanism to preselect a plan","appUris":{"documentUri":{"value":"/3322185663763853680/N76c46826-c9e1-4cf7-8a29-cd0ac24b185f-document.msapp"},"imageUris":[]},"createdTime":"0001-01-01T00:00:00Z","lastModifiedTime":"0001-01-01T00:00:00Z","sharedGroupsCount":0,"sharedUsersCount":0,"icons":{"smallIconUri":"/3322185663763853680/N913d196f-ce68-41d1-b32c-eda74d0e2ccf-small.png","mediumIconUri":"/3322185663763853680/Nceeaf7fd-676c-4e87-889d-77d8e0e7fc8c-medium.png","largeIconUri":"/3322185663763853680/Ne5395a38-627f-497b-8369-85e7f5673569-large.png","wideIconUri":"/3322185663763853680/Nd7118ff1-d019-4365-96fc-2c67fb067842-wide.png"},"connectionReferences":{"d576e79a-2da7-4266-8ac9-fe527604960e":{"id":"66a054c8-f747-405f-bdd5-859417193537","displayName":"Planner","iconUri":"https://connectoricons-prod.azureedge.net/releases/v1.0.1456/1.0.1456.2375/planner/icon.png","dataSources":["Planner"],"dependencies":[],"dependents":[],"parameterHints":{},"isOnPremiseConnection":false,"bypassConsent":false,"dataSets":{},"apiTier":"Standard","isCustomApiConnection":false,"actions":["ListMyPlansV2","ListTasksV2","GetPlanDetails","ListBucketsV2","CreateTaskV2"]},"4f02fe19-4760-4606-a156-5f8472ab2a54":{"id":"62d575b3-aefd-46be-bfc1-2f75f7b84488","displayName":"Office 365 Users","iconUri":"https://connectoricons-prod.azureedge.net/releases/v1.0.1460/1.0.1460.2389/office365users/icon.png","dataSources":["Office365Users"],"dependencies":[],"dependents":[],"parameterHints":{},"isOnPremiseConnection":false,"bypassConsent":false,"dataSets":{},"apiTier":"Standard","isCustomApiConnection":false,"actions":["MyProfile","UserProfileV2","UserPhoto","UserPhotoMetadata"]}},"databaseReferences":{},"almMode":"Solution","performanceOptimizationEnabled":true,"canConsumeAppPass":true,"executionRestrictions":{"isTeamsOnly":false,"dataLossPreventionEvaluationResult":{"status":"Compliant","lastEvaluationDate":"2021-05-06T13:35:10.8112494Z","violationDetails":[]}}},"isAppComponentLibrary":false,"appType":"ClassicCanvasApp","appComponents":[]}}