{"schemaVersion":"1.0","appDefinitionTemplate":{"id":"/providers/Microsoft.PowerApps/apps/","type":"Microsoft.PowerApps/apps","tags":{"primaryDeviceWidth":"1366","primaryDeviceHeight":"768","supportsPortrait":"false","supportsLandscape":"true","primaryFormFactor":"Tablet","publisherVersion":"3.24012.8","minimumRequiredApiVersion":"2.2.0","hasComponent":"true","hasUnlockedComponent":"true","isUnifiedRootApp":"false","sienaVersion":"20240121T151238Z-3.24012.8.0","showStatusBar":"false","offlineLargeFilesSupport":"false"},"properties":{"appVersion":"2024-01-21T15:12:38Z","lifeCycleId":"Published","createdByClientVersion":{"major":3,"minor":24012,"build":8,"revision":0,"majorRevision":0,"minorRevision":0},"minClientVersion":{"major":3,"minor":24012,"build":8,"revision":0,"majorRevision":0,"minorRevision":0},"backgroundColor":"rgba(225, 227, 230, 1)","backgroundImageUri":"/11313204309652167335/N363a9e78-ca7e-44f6-9497-0b222851681a-logoSmallFile","displayName":"Planner Gantt Chart","description":"You can view your planner tasks in a Gantt Chart view with this app!","commitMessage":"","appUris":{"documentUri":{"value":"/11313204309652167335/Nc1141e8a-bdc1-4a7b-9e8d-0dcd16a4103c-document.msapp"},"imageUris":[],"additionalUris":[{"isSolutionAware":false,"value":"/11313204309652167335/N96ae39b7-f467-46e1-96cd-4ac4be3ed81c-identity.json"}]},"createdTime":"0001-01-01T00:00:00Z","lastModifiedTime":"0001-01-01T00:00:00Z","sharedGroupsCount":0,"sharedUsersCount":0,"connectionReferences":{"3d92e059-7852-4ed6-9b13-1e089584eb85":{"id":"441a3c6a-380b-4910-b922-9fc2480922cf","displayName":"Planner","iconUri":"https://connectoricons-prod.azureedge.net/u/jayawan/releases/v1.0.1655/1.0.1655.3424/planner/icon.png","dataSources":["Planner"],"dependencies":[],"dependents":[],"parameterHints":{},"parameterHintsV2":{},"isOnPremiseConnection":false,"bypassConsent":false,"dataSets":{},"apiTier":"Standard","isCustomApiConnection":false,"actions":["ListMyPlans_V2","ListMyTasks_V2","GetPlanDetails","ListTasks_V3","ListBuckets_V3","CreateTask_V2","UpdateTask_V3"]},"4f02fe19-4760-4606-a156-5f8472ab2a54":{"id":"5293baef-8b67-4558-ad34-94866fee06d8","displayName":"Office 365 Users","iconUri":"https://connectoricons-prod.azureedge.net/releases/v1.0.1672/1.0.1672.3545/office365users/icon.png","dataSources":["Office365Users"],"dependencies":[],"dependents":[],"parameterHints":{},"parameterHintsV2":{},"isOnPremiseConnection":false,"bypassConsent":false,"dataSets":{},"apiTier":"Standard","isCustomApiConnection":false,"actions":["MyProfile","UserProfileV2","UserPhoto","UserPhotoMetadata"]}},"databaseReferences":{},"almMode":"Environment","performanceOptimizationEnabled":true,"canConsumeAppPass":true,"enableModernRuntimeMode":false,"executionRestrictions":{"isTeamsOnly":false,"dataLossPreventionEvaluationResult":{"status":"Compliant","lastEvaluationDate":"2024-01-21T15:10:15.9832341Z","violations":[],"violationsByPolicy":[],"violationErrorMessage":"The app uses the following connectors: shared_planner, shared_office365users."}}},"appType":"ClassicCanvasApp","appComponents":[]}}