{"schemaVersion":"1.0","appDefinitionTemplate":{"id":"/providers/Microsoft.PowerApps/apps/","type":"Microsoft.PowerApps/apps","tags":{"primaryDeviceWidth":"1366","primaryDeviceHeight":"768","supportsPortrait":"false","supportsLandscape":"true","primaryFormFactor":"Tablet","publisherVersion":"3.22122.15","minimumRequiredApiVersion":"2.2.0","hasComponent":"true","hasUnlockedComponent":"true","isUnifiedRootApp":"false","sienaVersion":"20230101T103500Z-3.22122.15.0"},"properties":{"appVersion":"2023-01-01T10:35:00Z","lifeCycleId":"Published","createdByClientVersion":{"major":3,"minor":22122,"build":15,"revision":0,"majorRevision":0,"minorRevision":0},"minClientVersion":{"major":3,"minor":22122,"build":15,"revision":0,"majorRevision":0,"minorRevision":0},"backgroundColor":"rgba(225, 227, 230, 1)","backgroundImageUri":"/714580181135662220/Nfc07b86a-3d9f-477f-b538-b1c7c4f52c93-N81ba179b-2e58-4b01-9894-fc6ba2e21977-logoSmallFile","displayName":"Planner Gantt Chart","description":"You can view your planner tasks in a Gantt Chart view with this app!","commitMessage":"","appUris":{"documentUri":{"value":"/714580181135662220/N28a0ad53-120b-4614-83f6-5aa20da2d353-N0f1cc67a-194f-4c84-8af8-5f8d13647543-document.msapp"},"imageUris":[],"additionalUris":[]},"createdTime":"0001-01-01T00:00:00Z","lastModifiedTime":"0001-01-01T00:00:00Z","sharedGroupsCount":0,"sharedUsersCount":0,"icons":{"smallIconUri":"/714580181135662220/N149eec1b-e83b-4cd9-976d-53504e2a5371-small.png","mediumIconUri":"/714580181135662220/Nff261c9f-1c80-445d-bacd-4fbdcab401cb-medium.png","largeIconUri":"/714580181135662220/N78fd001f-6bff-4167-9788-019c7d062e2b-large.png","wideIconUri":"/714580181135662220/N45368012-6f2d-4bff-a535-ccc389fded5c-wide.png"},"connectionReferences":{"3d92e059-7852-4ed6-9b13-1e089584eb85":{"id":"d0332807-e434-4d58-b43a-b73e754c0509","displayName":"Planner","iconUri":"https://connectoricons-prod.azureedge.net/releases/v1.0.1608/1.0.1608.3079/planner/icon.png","dataSources":["Planner"],"dependencies":[],"dependents":[],"parameterHints":{},"parameterHintsV2":{},"isOnPremiseConnection":false,"bypassConsent":false,"dataSets":{},"apiTier":"Standard","isCustomApiConnection":false,"actions":["ListMyPlans_V2","ListMyTasks_V2","GetPlanDetails","ListTasks_V3","ListBuckets_V3","CreateTask_V2","UpdateTask_V3"]},"4f02fe19-4760-4606-a156-5f8472ab2a54":{"id":"4a835462-1ace-4006-8c12-cb6e5cb0c4e9","displayName":"Office 365 Users","iconUri":"https://connectoricons-prod.azureedge.net/releases/v1.0.1611/1.0.1611.3104/office365users/icon.png","dataSources":["Office365Users"],"dependencies":[],"dependents":[],"parameterHints":{},"parameterHintsV2":{},"isOnPremiseConnection":false,"bypassConsent":false,"dataSets":{},"apiTier":"Standard","isCustomApiConnection":false,"actions":["MyProfile","UserProfileV2","UserPhoto","UserPhotoMetadata"]}},"databaseReferences":{},"almMode":"Environment","performanceOptimizationEnabled":true,"canConsumeAppPass":true,"enableModernRuntimeMode":false,"executionRestrictions":{"isTeamsOnly":false,"dataLossPreventionEvaluationResult":{"status":"Compliant","lastEvaluationDate":"2022-11-27T09:18:25.1069349Z","violations":[],"violationsByPolicy":[],"violationErrorMessage":"The app uses the following connectors: shared_office365users, shared_planner."}}},"appType":"ClassicCanvasApp","appComponents":[]}}