{"schemaVersion":"1.0","appDefinitionTemplate":{"id":"/providers/Microsoft.PowerApps/apps/","type":"Microsoft.PowerApps/apps","tags":{"primaryDeviceWidth":"1366","primaryDeviceHeight":"768","supportsPortrait":"false","supportsLandscape":"true","primaryFormFactor":"Tablet","publisherVersion":"3.23012.17","minimumRequiredApiVersion":"2.2.0","hasComponent":"true","hasUnlockedComponent":"true","isUnifiedRootApp":"false","sienaVersion":"20230124T162755Z-3.23012.17.0"},"properties":{"appVersion":"2023-01-24T16:27:55Z","lifeCycleId":"Published","createdByClientVersion":{"major":3,"minor":23012,"build":17,"revision":0,"majorRevision":0,"minorRevision":0},"minClientVersion":{"major":3,"minor":23012,"build":17,"revision":0,"majorRevision":0,"minorRevision":0},"backgroundColor":"rgba(225, 227, 230, 1)","backgroundImageUri":"/6434431638130903997/N930ee118-fec7-446f-90f1-b8d7a115793d-logoSmallFile","displayName":"Planner Gantt Chart","description":"You can view your planner tasks in a Gantt Chart view with this app!","commitMessage":"","appUris":{"documentUri":{"value":"/6434431638130903997/N457c6d01-0bf9-4e6a-91a1-de0eee5573f4-document.msapp"},"imageUris":[],"additionalUris":[]},"createdTime":"0001-01-01T00:00:00Z","lastModifiedTime":"0001-01-01T00:00:00Z","sharedGroupsCount":0,"sharedUsersCount":0,"icons":{"smallIconUri":"/6434431638130903997/N2a01742e-78a2-4888-8d44-e3a1c1641e20-small.png","mediumIconUri":"/6434431638130903997/N61d61c9e-7a2d-4368-a521-cd440439145b-medium.png","largeIconUri":"/6434431638130903997/Nb23b56ce-65a9-446b-8b04-281fadbf12ec-large.png","wideIconUri":"/6434431638130903997/Nd5d30633-8248-48c2-a6f3-4f900003c156-wide.png"},"connectionReferences":{"3d92e059-7852-4ed6-9b13-1e089584eb85":{"id":"c7601b27-6678-4b45-9fe4-0f72721f6ae1","displayName":"Planner","iconUri":"https://connectoricons-prod.azureedge.net/releases/v1.0.1608/1.0.1608.3079/planner/icon.png","dataSources":["Planner"],"dependencies":[],"dependents":[],"parameterHints":{},"parameterHintsV2":{},"isOnPremiseConnection":false,"bypassConsent":false,"dataSets":{},"apiTier":"Standard","isCustomApiConnection":false,"actions":["ListMyPlans_V2","ListMyTasks_V2","GetPlanDetails","ListTasks_V3","ListBuckets_V3","CreateTask_V2","UpdateTask_V3"]},"4f02fe19-4760-4606-a156-5f8472ab2a54":{"id":"02b22932-5f4e-41d1-8747-2361159644b2","displayName":"Office 365 Users","iconUri":"https://connectoricons-prod.azureedge.net/releases/v1.0.1611/1.0.1611.3104/office365users/icon.png","dataSources":["Office365Users"],"dependencies":[],"dependents":[],"parameterHints":{},"parameterHintsV2":{},"isOnPremiseConnection":false,"bypassConsent":false,"dataSets":{},"apiTier":"Standard","isCustomApiConnection":false,"actions":["MyProfile","UserProfileV2","UserPhoto","UserPhotoMetadata"]}},"databaseReferences":{},"almMode":"Environment","performanceOptimizationEnabled":true,"canConsumeAppPass":true,"enableModernRuntimeMode":false,"executionRestrictions":{"isTeamsOnly":false,"dataLossPreventionEvaluationResult":{"status":"Compliant","lastEvaluationDate":"2022-11-27T09:18:25.1069349Z","violations":[],"violationsByPolicy":[],"violationErrorMessage":"The app uses the following connectors: shared_office365users, shared_planner."}}},"appType":"ClassicCanvasApp","appComponents":[]}}