{"schemaVersion":"1.0","appDefinitionTemplate":{"id":"/providers/Microsoft.PowerApps/apps/","type":"Microsoft.PowerApps/apps","tags":{"primaryDeviceWidth":"1366","primaryDeviceHeight":"768","supportsPortrait":"false","supportsLandscape":"true","primaryFormFactor":"Tablet","publisherVersion":"3.22111.19","minimumRequiredApiVersion":"2.2.0","hasComponent":"true","hasUnlockedComponent":"true","isUnifiedRootApp":"false","sienaVersion":"20221127T204008Z-3.22111.19.0"},"properties":{"appVersion":"2022-11-27T20:40:08Z","lifeCycleId":"Published","createdByClientVersion":{"major":3,"minor":22111,"build":19,"revision":0,"majorRevision":0,"minorRevision":0},"minClientVersion":{"major":3,"minor":22111,"build":19,"revision":0,"majorRevision":0,"minorRevision":0},"backgroundColor":"rgba(225, 227, 230, 1)","backgroundImageUri":"/6434431638130903997/N9b465eb0-7f6a-4423-bf80-ad6b54529712-logoSmallFile","displayName":"Planner Gantt Chart","description":"You can view your planner tasks in a Gantt Chart view with this app!","commitMessage":"","appUris":{"documentUri":{"value":"/6434431638130903997/Nb0e7c235-6858-485f-a103-c923a220f61d-document.msapp"},"imageUris":[],"additionalUris":[]},"createdTime":"0001-01-01T00:00:00Z","lastModifiedTime":"0001-01-01T00:00:00Z","sharedGroupsCount":0,"sharedUsersCount":0,"icons":{"smallIconUri":"/6434431638130903997/Ne0e4919d-a93a-4681-95e2-c54ac1a3f253-small.png","mediumIconUri":"/6434431638130903997/N99c3ea32-55ad-4895-b4e6-5c1827dac2f5-medium.png","largeIconUri":"/6434431638130903997/N6073b769-ba4c-4732-b1e3-53a6329e6245-large.png","wideIconUri":"/6434431638130903997/N09b92196-17c6-4d4f-806b-1a887b7ec67c-wide.png"},"connectionReferences":{"3d92e059-7852-4ed6-9b13-1e089584eb85":{"id":"c7601b27-6678-4b45-9fe4-0f72721f6ae1","displayName":"Planner","iconUri":"https://connectoricons-prod.azureedge.net/releases/v1.0.1608/1.0.1608.3079/planner/icon.png","dataSources":["Planner"],"dependencies":[],"dependents":[],"parameterHints":{},"parameterHintsV2":{},"isOnPremiseConnection":false,"bypassConsent":false,"dataSets":{},"apiTier":"Standard","isCustomApiConnection":false,"actions":["ListMyPlans_V2","ListMyTasks_V2","GetPlanDetails","ListTasks_V3","ListBuckets_V3","CreateTask_V2","UpdateTask_V3"]},"4f02fe19-4760-4606-a156-5f8472ab2a54":{"id":"02b22932-5f4e-41d1-8747-2361159644b2","displayName":"Office 365 Users","iconUri":"https://connectoricons-prod.azureedge.net/releases/v1.0.1593/1.0.1593.2980/office365users/icon.png","dataSources":["Office365Users"],"dependencies":[],"dependents":[],"parameterHints":{},"parameterHintsV2":{},"isOnPremiseConnection":false,"bypassConsent":false,"dataSets":{},"apiTier":"Standard","isCustomApiConnection":false,"actions":["MyProfile","UserProfileV2","UserPhoto","UserPhotoMetadata"]}},"databaseReferences":{},"almMode":"Environment","performanceOptimizationEnabled":true,"canConsumeAppPass":true,"enableModernRuntimeMode":false,"executionRestrictions":{"isTeamsOnly":false,"dataLossPreventionEvaluationResult":{"status":"Compliant","lastEvaluationDate":"2022-11-27T09:18:25.1069349Z","violations":[],"violationsByPolicy":[],"violationErrorMessage":"The app uses the following connectors: shared_office365users, shared_planner."}}},"appType":"ClassicCanvasApp","appComponents":[]}}