{"schemaVersion":"1.0","appDefinitionTemplate":{"id":"/providers/Microsoft.PowerApps/apps/","type":"Microsoft.PowerApps/apps","tags":{"primaryDeviceWidth":"1366","primaryDeviceHeight":"768","supportsPortrait":"false","supportsLandscape":"true","primaryFormFactor":"Tablet","publisherVersion":"3.22111.28","minimumRequiredApiVersion":"2.2.0","hasComponent":"true","hasUnlockedComponent":"true","isUnifiedRootApp":"false","sienaVersion":"20221207T082029Z-3.22111.28.0"},"properties":{"appVersion":"2022-12-07T08:20:29Z","lifeCycleId":"Published","createdByClientVersion":{"major":3,"minor":22111,"build":28,"revision":0,"majorRevision":0,"minorRevision":0},"minClientVersion":{"major":3,"minor":22111,"build":28,"revision":0,"majorRevision":0,"minorRevision":0},"backgroundColor":"rgba(225, 227, 230, 1)","backgroundImageUri":"/6434431638130903997/N216c1055-c7e4-40cb-9334-f9669e027128-logoSmallFile","displayName":"Planner Gantt Chart","description":"You can view your planner tasks in a Gantt Chart view with this app!","commitMessage":"","appUris":{"documentUri":{"value":"/6434431638130903997/N06c124af-0b90-4e23-a1c0-46147501d0fa-document.msapp"},"imageUris":[],"additionalUris":[]},"createdTime":"0001-01-01T00:00:00Z","lastModifiedTime":"0001-01-01T00:00:00Z","sharedGroupsCount":0,"sharedUsersCount":0,"icons":{"smallIconUri":"/6434431638130903997/N1f2ee381-52cf-4ee5-812b-280a322324f8-small.png","mediumIconUri":"/6434431638130903997/N1f887e61-8ec3-46eb-b4c9-8f2dcdacd46f-medium.png","largeIconUri":"/6434431638130903997/N6f604eb4-e645-402d-b949-8403770574f8-large.png","wideIconUri":"/6434431638130903997/Nfe5a5e58-daf5-4464-b90c-40bba5a617e1-wide.png"},"connectionReferences":{"3d92e059-7852-4ed6-9b13-1e089584eb85":{"id":"c7601b27-6678-4b45-9fe4-0f72721f6ae1","displayName":"Planner","iconUri":"https://connectoricons-prod.azureedge.net/releases/v1.0.1608/1.0.1608.3079/planner/icon.png","dataSources":["Planner"],"dependencies":[],"dependents":[],"parameterHints":{},"parameterHintsV2":{},"isOnPremiseConnection":false,"bypassConsent":false,"dataSets":{},"apiTier":"Standard","isCustomApiConnection":false,"actions":["ListMyPlans_V2","ListMyTasks_V2","GetPlanDetails","ListTasks_V3","ListBuckets_V3","CreateTask_V2","UpdateTask_V3"]},"4f02fe19-4760-4606-a156-5f8472ab2a54":{"id":"02b22932-5f4e-41d1-8747-2361159644b2","displayName":"Office 365 Users","iconUri":"https://connectoricons-prod.azureedge.net/releases/v1.0.1593/1.0.1593.2980/office365users/icon.png","dataSources":["Office365Users"],"dependencies":[],"dependents":[],"parameterHints":{},"parameterHintsV2":{},"isOnPremiseConnection":false,"bypassConsent":false,"dataSets":{},"apiTier":"Standard","isCustomApiConnection":false,"actions":["MyProfile","UserProfileV2","UserPhoto","UserPhotoMetadata"]}},"databaseReferences":{},"almMode":"Environment","performanceOptimizationEnabled":true,"canConsumeAppPass":true,"enableModernRuntimeMode":false,"executionRestrictions":{"isTeamsOnly":false,"dataLossPreventionEvaluationResult":{"status":"Compliant","lastEvaluationDate":"2022-11-27T09:18:25.1069349Z","violations":[],"violationsByPolicy":[],"violationErrorMessage":"The app uses the following connectors: shared_office365users, shared_planner."}}},"appType":"ClassicCanvasApp","appComponents":[]}}